"filename", "language", "pip requirements", "Markdown", "Python", "comment", "blank", "total"
"c:\Users\Mahek\Documents\agentic_honeypot\README.md", "Markdown", 0, 0, 0, 0, 1, 1
"c:\Users\Mahek\Documents\agentic_honeypot\app\casual_llm.py", "Python", 0, 0, 25, 5, 3, 33
"c:\Users\Mahek\Documents\agentic_honeypot\app\config.py", "Python", 0, 0, 12, 1, 6, 19
"c:\Users\Mahek\Documents\agentic_honeypot\app\extractor.py", "Python", 0, 0, 10, 0, 4, 14
"c:\Users\Mahek\Documents\agentic_honeypot\app\gatekeeper.py", "Python", 0, 0, 52, 3, 17, 72
"c:\Users\Mahek\Documents\agentic_honeypot\app\main.py", "Python", 0, 0, 63, 6, 10, 79
"c:\Users\Mahek\Documents\agentic_honeypot\app\memory.py", "Python", 0, 0, 15, 8, 3, 26
"c:\Users\Mahek\Documents\agentic_honeypot\app\persona_agent.py", "Python", 0, 0, 84, 32, 12, 128
"c:\Users\Mahek\Documents\agentic_honeypot\app\schemas.py", "Python", 0, 0, 22, 0, 12, 34
"c:\Users\Mahek\Documents\agentic_honeypot\app\strategies.py", "Python", 0, 0, 6, 0, 5, 11
"c:\Users\Mahek\Documents\agentic_honeypot\app\utils.py", "Python", 0, 0, 5, 0, 3, 8
"c:\Users\Mahek\Documents\agentic_honeypot\requirements.txt", "pip requirements", 6, 0, 0, 0, 1, 7
"Total", "-", 6, 0, 294, 55, 77, 432